<?xml version="1.0" encoding="UTF-8"?>
<project-private xmlns="http://www.netbeans.org/ns/project-private/1">
    <editor-bookmarks xmlns="http://www.netbeans.org/ns/editor-bookmarks/2" lastBookmarkId="0"/>
    <open-files xmlns="http://www.netbeans.org/ns/projectui-open-files/2">
        <group>
            <file>file:/C:/Users/nb/Documents/NetBeansProjects/Poligono/src/poligono/Punto.java</file>
            <file>file:/C:/Users/nb/Documents/NetBeansProjects/Poligono/src/poligono/Poligono.java</file>
            <file>file:/C:/Users/nb/Documents/NetBeansProjects/Poligono/src/poligono/JFramePoligono.java</file>
            <file>file:/C:/Users/nb/Documents/NetBeansProjects/Poligono/src/poligono/Test.java</file>
        </group>
    </open-files>
</project-private>
